VisitID;ConsumerID;Timestamp;InvoiceID
C001_20190601_1;C001;2019-06-01;1
C001_20190603_2;C001;2019-06-03;2
C001_20190609_4;C001;2019-06-09;4
C001_20190608_3;C001;2019-06-08;3
C001_20190921_5;C001;2019-09-21;5
C001_20190930_6;C001;2019-09-30;6
